{"stats":{"minecraft:killed":{"minecraft:zombie":3},"minecraft:picked_up":{"minecraft:rotten_flesh":4,"minecraft:string":2,"minecraft:snowball":17,"minecraft:dirt":50},"minecraft:killed_by":{"minecraft:skeleton":1,"minecraft:stray":1,"minecraft:spider":1,"minecraft:zombie":4},"minecraft:custom":{"minecraft:time_since_rest":55,"minecraft:play_one_minute":12057,"minecraft:crouch_one_cm":2557,"minecraft:sprint_one_cm":19842,"minecraft:walk_one_cm":31991,"minecraft:damage_taken":1815,"minecraft:deaths":7,"minecraft:sneak_time":708,"minecraft:mob_kills":6,"minecraft:drop":5,"minecraft:jump":248,"minecraft:damage_dealt":969,"minecraft:leave_game":1,"minecraft:time_since_death":0,"minecraft:fly_one_cm":30066,"minecraft:fall_one_cm":4574},"minecraft:dropped":{"minecraft:rotten_flesh":3,"minecraft:string":2},"minecraft:mined":{"minecraft:grass":6,"minecraft:grass_block":23,"minecraft:dirt":15},"minecraft:used":{"minecraft:dirt":45,"minecraft:snowball":17}},"DataVersion":2586}