{"stats":{"minecraft:dropped":{"minecraft:rotten_flesh":3,"minecraft:wheat_seeds":1,"minecraft:string":2},"minecraft:killed":{"minecraft:zombie":4},"minecraft:picked_up":{"minecraft:rotten_flesh":5,"minecraft:wheat_seeds":1,"minecraft:dirt":55,"minecraft:snowball":17,"minecraft:string":2},"minecraft:used":{"minecraft:rotten_flesh":1,"minecraft:dirt":50,"minecraft:snowball":17},"minecraft:mined":{"minecraft:grass":7,"minecraft:grass_block":28,"minecraft:dirt":15,"minecraft:spruce_leaves":4},"minecraft:custom":{"minecraft:time_since_rest":11452,"minecraft:crouch_one_cm":3013,"minecraft:play_one_minute":23454,"minecraft:sprint_one_cm":29993,"minecraft:damage_taken":1940,"minecraft:deaths":7,"minecraft:walk_one_cm":37469,"minecraft:sneak_time":843,"minecraft:mob_kills":7,"minecraft:drop":6,"minecraft:jump":353,"minecraft:damage_dealt":989,"minecraft:leave_game":2,"minecraft:time_since_death":11329,"minecraft:fall_one_cm":7918,"minecraft:fly_one_cm":52136},"minecraft:killed_by":{"minecraft:skeleton":1,"minecraft:stray":1,"minecraft:spider":1,"minecraft:zombie":4}},"DataVersion":2586}