{"stats":{"minecraft:custom":{"minecraft:jump":96,"minecraft:time_since_rest":7798,"minecraft:damage_dealt":10,"minecraft:damage_taken":60,"minecraft:play_one_minute":7798,"minecraft:crouch_one_cm":297,"minecraft:leave_game":2,"minecraft:sprint_one_cm":22252,"minecraft:time_since_death":7798,"minecraft:walk_one_cm":14917,"minecraft:sneak_time":339,"minecraft:fall_one_cm":3637,"minecraft:fly_one_cm":11287},"minecraft:picked_up":{"minecraft:stick":5,"minecraft:oak_log":1,"minecraft:oak_sapling":1},"minecraft:used":{"minecraft:oak_sapling":2},"minecraft:mined":{"minecraft:grass":7,"minecraft:oak_log":6,"minecraft:oak_leaves":57,"minecraft:tall_grass":2}},"DataVersion":2586}