{
  "minecraft:recipes/misc/charcoal": {
    "criteria": {
      "has_log": "2024-06-17 06:25:45 +0000"
    },
    "done": true
  },
  "minecraft:recipes/decorations/campfire": {
    "criteria": {
      "has_stick": "2024-06-17 06:27:16 +0000"
    },
    "done": true
  },
  "minecraft:recipes/combat/wooden_sword": {
    "criteria": {
      "has_stick": "2024-06-17 06:27:16 +0000"
    },
    "done": true
  },
  "minecraft:recipes/building_blocks/oak_planks": {
    "criteria": {
      "has_logs": "2024-06-17 06:25:45 +0000"
    },
    "done": true
  },
  "minecraft:recipes/tools/wooden_pickaxe": {
    "criteria": {
      "has_stick": "2024-06-17 06:27:16 +0000"
    },
    "done": true
  },
  "minecraft:recipes/tools/wooden_axe": {
    "criteria": {
      "has_stick": "2024-06-17 06:27:16 +0000"
    },
    "done": true
  },
  "minecraft:recipes/decorations/ladder": {
    "criteria": {
      "has_stick": "2024-06-17 06:27:16 +0000"
    },
    "done": true
  },
  "minecraft:recipes/building_blocks/oak_wood": {
    "criteria": {
      "has_log": "2024-06-17 06:25:45 +0000"
    },
    "done": true
  },
  "minecraft:recipes/tools/wooden_shovel": {
    "criteria": {
      "has_stick": "2024-06-17 06:27:16 +0000"
    },
    "done": true
  },
  "campanion:recipes/decorations/leather_tanner": {
    "criteria": {
      "has_stick": "2024-06-17 06:27:16 +0000"
    },
    "done": true
  },
  "minecraft:recipes/decorations/soul_campfire": {
    "criteria": {
      "has_stick": "2024-06-17 06:27:16 +0000"
    },
    "done": true
  },
  "minecraft:recipes/combat/crossbow": {
    "criteria": {
      "has_stick": "2024-06-17 06:27:16 +0000"
    },
    "done": true
  },
  "minecraft:recipes/tools/wooden_hoe": {
    "criteria": {
      "has_stick": "2024-06-17 06:27:16 +0000"
    },
    "done": true
  },
  "campanion:recipes/misc/wooden_rod": {
    "criteria": {
      "has_stick": "2024-06-17 06:27:16 +0000"
    },
    "done": true
  },
  "repurposed_structures:root": {
    "criteria": {
      "always": "2024-06-17 06:25:03 +0000"
    },
    "done": true
  },
  "minecraft:adventure/adventuring_time": {
    "criteria": {
      "minecraft:mountains": "2024-06-17 06:31:10 +0000",
      "minecraft:dark_forest": "2024-06-17 06:26:31 +0000",
      "minecraft:river": "2024-06-17 06:31:07 +0000",
      "minecraft:plains": "2024-06-17 06:25:03 +0000"
    },
    "done": false
  },
  "campanion:recipes/combat/wooden_spear": {
    "criteria": {
      "has_stick": "2024-06-17 06:27:16 +0000"
    },
    "done": true
  },
  "DataVersion": 2586
}